Item Code (Items),Qty (Items),Basic Rate,Batch No (Items),Target Warehouse (Items),Stock Entry Type,Purpose
ACTON OR,200,63.619,ART25046,Goods In Transit - DRDSC,Material Receipt,Material Receipt
ACTOPAN 40,10,72.381,VGT2409564,Goods In Transit - DRDSC,Material Receipt,Material Receipt
ACTOPAN DSR,13,90.4762,MC-102410D,Goods In Transit - DRDSC,Material Receipt,Material Receipt
ALASPAN,42,162.8571,E25104,Goods In Transit - DRDSC,Material Receipt,Material Receipt
ALASPAN,100,152.6762,E25108,Goods In Transit - DRDSC,Material Receipt,Material Receipt
ALBENA 400,43,7.5048,AT25060341A,Goods In Transit - DRDSC,Material Receipt,Material Receipt
ALECET 5,51,36.1905,AT25050243B,Goods In Transit - DRDSC,Material Receipt,Material Receipt
ALECET MT,20,116.1905,AT25100803A,Goods In Transit - DRDSC,Material Receipt,Material Receipt
AMOCARE CV 625,200,198.4762,ETV01AAA,Goods In Transit - DRDSC,Material Receipt,Material Receipt
ANGIFLAM P,42,52.381,MT-092512A,Goods In Transit - DRDSC,Material Receipt,Material Receipt
APEXFER,20,168.6381,AFTTL2504,Goods In Transit - DRDSC,Material Receipt,Material Receipt
AQUATEL 20,1470,36.5714,AQT2501,Goods In Transit - DRDSC,Material Receipt,Material Receipt
ARKAMIN 100,120,91.8095,8NY2M043,Goods In Transit - DRDSC,Material Receipt,Material Receipt
ARKAMIN 100,720,86.0476,8NY2M048,Goods In Transit - DRDSC,Material Receipt,Material Receipt
ARKAMIN 100,1084,83.5238,8NY2L037,Goods In Transit - DRDSC,Material Receipt,Material Receipt
ARKAMIN 100,80,91.8095,8NY2M015,Goods In Transit - DRDSC,Material Receipt,Material Receipt
ARKMAIN 150,591,168.5714,DI0224001,Goods In Transit - DRDSC,Material Receipt,Material Receipt
ARKMAIN 150,10,168.5714,DI0224002,Goods In Transit - DRDSC,Material Receipt,Material Receipt
ASSURANS,150,361.0095,5SN198,Goods In Transit - DRDSC,Material Receipt,Material Receipt
ASSURANS,210,385.0857,5SN0592,Goods In Transit - DRDSC,Material Receipt,Material Receipt
ASSURANS,16,385.0857,4SN225,Goods In Transit - DRDSC,Material Receipt,Material Receipt
ATARAX 10,30,56.6952,E2502163,Goods In Transit - DRDSC,Material Receipt,Material Receipt
ATORVIR 10,900,50.5905,UGT252972A,Goods In Transit - DRDSC,Material Receipt,Material Receipt
ATORVIR 10,13,53.9714,UGT251774,Goods In Transit - DRDSC,Material Receipt,Material Receipt
AUGMENTIN DUO 625,28,195.1048,8250085,Goods In Transit - DRDSC,Material Receipt,Material Receipt
AUGMENTIN DUO 625,90,186.0857,825D270,Goods In Transit - DRDSC,Material Receipt,Material Receipt
AZULIX 0.5MF,750,66.381,GHYF0002,Goods In Transit - DRDSC,Material Receipt,Material Receipt
AZULIX 0.5MF,220,66.381,GHYF0003,Goods In Transit - DRDSC,Material Receipt,Material Receipt
AZULIX 0.5MF,192,60.381,GHYF00D1,Goods In Transit - DRDSC,Material Receipt,Material Receipt
AZULIX 2MF,5,248.5714,2KA9M011,Goods In Transit - DRDSC,Material Receipt,Material Receipt
AZULIX 3,122,170.5714,2991M002,Goods In Transit - DRDSC,Material Receipt,Material Receipt
BANOCIDE FORTE,170,50.1048,8L7K,Goods In Transit - DRDSC,Material Receipt,Material Receipt
BANOCIDE FORTE,510,50.1048,DH9X,Goods In Transit - DRDSC,Material Receipt,Material Receipt
BIOCYST C,100,342.8571,MFT-25953,Goods In Transit - DRDSC,Material Receipt,Material Receipt
BIOCYST T,75,171.4286,AT25050188A,Goods In Transit - DRDSC,Material Receipt,Material Receipt
BIOFYLINE 100,100,114.2857,AC2503499A,Goods In Transit - DRDSC,Material Receipt,Material Receipt
BIOFYLINE 100,54,94.2857,AC2410377,Goods In Transit - DRDSC,Material Receipt,Material Receipt
BIOFYLINE FM,123,209.5238,AT25022191B,Goods In Transit - DRDSC,Material Receipt,Material Receipt
BIOSORE,120,57.1429,T24K084B,Goods In Transit - DRDSC,Material Receipt,Material Receipt
BIOSUPRIDE 25,90,80.8571,AT24040031,Goods In Transit - DRDSC,Material Receipt,Material Receipt
BIOSUPRIDE 25,424,80.8571,AT24121891,Goods In Transit - DRDSC,Material Receipt,Material Receipt
BIOTEL 20MD,200,51.4286,AT24111708B,Goods In Transit - DRDSC,Material Receipt,Material Receipt
BIOTEL 3D,150,152.381,AT24091415,Goods In Transit - DRDSC,Material Receipt,Material Receipt
BIOTEL 40,74,72.1048,AT24091391,Goods In Transit - DRDSC,Material Receipt,Material Receipt
BIOTOP DM,60,66.6667,AT24081301,Goods In Transit - DRDSC,Material Receipt,Material Receipt
BIOWIN IBS,27,171.4286,MFC25068,Goods In Transit - DRDSC,Material Receipt,Material Receipt
BISVER 16,100,75.2381,MT-102460A,Goods In Transit - DRDSC,Material Receipt,Material Receipt
BONOFLEX,60,186.4762,HPFK25008,Goods In Transit - DRDSC,Material Receipt,Material Receipt
BONOFLEX,60,209.5238,HPFH25040,Goods In Transit - DRDSC,Material Receipt,Material Receipt
BOULAZ,1500,85.7143,AST251186,Goods In Transit - DRDSC,Material Receipt,Material Receipt
BOULAZ,2147,85.7143,AST25394,Goods In Transit - DRDSC,Material Receipt,Material Receipt
BUDACURE RESPULES,10,218.0952,241044,Goods In Transit - DRDSC,Material Receipt,Material Receipt
CALCILOT XT,525,238.0952,CCX2501,Goods In Transit - DRDSC,Material Receipt,Material Receipt
CALNI D3,1,379.0476,AF2501200B,Goods In Transit - DRDSC,Material Receipt,Material Receipt
CANDID V6,3,88.5714,10251249,Goods In Transit - DRDSC,Material Receipt,Material Receipt
CANVESTEN V6,3,63.619,PB24001,Goods In Transit - DRDSC,Material Receipt,Material Receipt
CARNIQUIN,110,385.6667,T25B239A,Goods In Transit - DRDSC,Material Receipt,Material Receipt
CARNIQUIN E,465,228.5714,T251070,Goods In Transit - DRDSC,Material Receipt,Material Receipt
CARNIQUIN MAX,390,664.7619,AM-8727,Goods In Transit - DRDSC,Material Receipt,Material Receipt
CAVEDA 5,600,171.3333,PGT24-1866A,Goods In Transit - DRDSC,Material Receipt,Material Receipt
CEFLA CV,420,57.1429,TJT6926,Goods In Transit - DRDSC,Material Receipt,Material Receipt
CETANIL 10,127,169.5238,2408000289,Goods In Transit - DRDSC,Material Receipt,Material Receipt
CILABS T5,3375,120.4762,ST25-3215,Goods In Transit - DRDSC,Material Receipt,Material Receipt
CILABS T5,188,123.8095,ST24-17015,Goods In Transit - DRDSC,Material Receipt,Material Receipt
CILACAR 10,30,209,AC925030,Goods In Transit - DRDSC,Material Receipt,Material Receipt
CILACAR 10,225,209,KC925039,Goods In Transit - DRDSC,Material Receipt,Material Receipt
CILACAR T,178,278.3905,K4T25057,Goods In Transit - DRDSC,Material Receipt,Material Receipt
CILATAB 10,823,84.7619,T-2410027,Goods In Transit - DRDSC,Material Receipt,Material Receipt
CILATAB T,80,114.0476,T2410051,Goods In Transit - DRDSC,Material Receipt,Material Receipt
CILATAB T,8,114.0476,T2505163,Goods In Transit - DRDSC,Material Receipt,Material Receipt
CILATAB T,6,114.0476,T2508304,Goods In Transit - DRDSC,Material Receipt,Material Receipt
CILINOVAS 10,1070,51.7905,MT-102599,Goods In Transit - DRDSC,Material Receipt,Material Receipt
CILINOVAS 10,100,55.2381,MT-042514,Goods In Transit - DRDSC,Material Receipt,Material Receipt
CILOVIN 10,2500,73.4667,25S062A01,Goods In Transit - DRDSC,Material Receipt,Material Receipt
CILOVIN 10,92,78.3619,185TCF012,Goods In Transit - DRDSC,Material Receipt,Material Receipt
CILOVIN 20,1015,114.0952,185TCL005,Goods In Transit - DRDSC,Material Receipt,Material Receipt
CILOVIN 5,335,50.6667,185TCF010,Goods In Transit - DRDSC,Material Receipt,Material Receipt
CILOVIN T,5,105.7143,185TCV009,Goods In Transit - DRDSC,Material Receipt,Material Receipt
CINTAL D,105,47.1429,VGT240907,Goods In Transit - DRDSC,Material Receipt,Material Receipt
CIPLOX 500,10,45.3333,5SD0079,Goods In Transit - DRDSC,Material Receipt,Material Receipt
CIPLOX 500,50,46.0762,5SD00179,Goods In Transit - DRDSC,Material Receipt,Material Receipt
CLONOTRIL 0.25,548,32.8381,2HW6M008,Goods In Transit - DRDSC,Material Receipt,Material Receipt
CONCOR 1.25,70,68.8571,M07AK25027,Goods In Transit - DRDSC,Material Receipt,Material Receipt
CONCOR 5,100,125.8857,M22AM25089,Goods In Transit - DRDSC,Material Receipt,Material Receipt
CONCOR COR 2.5,100,89.9619,M22AL25009,Goods In Transit - DRDSC,Material Receipt,Material Receipt
CONCOR COR 2.5,85,89.9619,M22AL25017,Goods In Transit - DRDSC,Material Receipt,Material Receipt
CONCOR COR 2.5,120,89.9619,M07AL25020,Goods In Transit - DRDSC,Material Receipt,Material Receipt
CONCOR COR 2.5,100,92.7619,M22AL25056,Goods In Transit - DRDSC,Material Receipt,Material Receipt
CORBIS 1.25,165,64.381,2KS4M009,Goods In Transit - DRDSC,Material Receipt,Material Receipt
CORBIS 2.5,450,100.1429,2FW3M026,Goods In Transit - DRDSC,Material Receipt,Material Receipt
CORBIS 2.5,150,100.1429,2FW3M028,Goods In Transit - DRDSC,Material Receipt,Material Receipt
CORBIS 2.5,265,100.1429,2FW13M026,Goods In Transit - DRDSC,Material Receipt,Material Receipt
CORBIS 2.5,75,106.8571,2FW3M021,Goods In Transit - DRDSC,Material Receipt,Material Receipt
CORBIS 5,322,128.5714,2FIN4M017,Goods In Transit - DRDSC,Material Receipt,Material Receipt
CORBIS D,225,271.4286,GCRD24001,Goods In Transit - DRDSC,Material Receipt,Material Receipt
COSPIAQ 25,100,142.8571,2ST4L003,Goods In Transit - DRDSC,Material Receipt,Material Receipt
COSPIAQ 25,43,142.8571,24J0132,Goods In Transit - DRDSC,Material Receipt,Material Receipt
COSPIAQ 25,180,128.5714,24F2407,Goods In Transit - DRDSC,Material Receipt,Material Receipt
COSPIAQ S 25/100,100,209.5238,EMV250606A,Goods In Transit - DRDSC,Material Receipt,Material Receipt
CRANBIC,100,333.3333,RHSF-5613,Goods In Transit - DRDSC,Material Receipt,Material Receipt
CRUSTEL 40,5420,57.1429,TJT692C,Goods In Transit - DRDSC,Material Receipt,Material Receipt
CRUSTEL H,45,76.1905,TFT173A,Goods In Transit - DRDSC,Material Receipt,Material Receipt
CTD 6.25,280,118.4286,EKA0825006AS,Goods In Transit - DRDSC,Material Receipt,Material Receipt
CTD T 6.25/40,90,225.6667,FOU0525011AS,Goods In Transit - DRDSC,Material Receipt,Material Receipt
CYMENKA PG 50/20,1900,152.2857,LGP07/004/05,Goods In Transit - DRDSC,Material Receipt,Material Receipt
CYMENKA PG 75/20,20,209.4286,LGP06/223/02,Goods In Transit - DRDSC,Material Receipt,Material Receipt
D3 TOL 60K,1920,97.619,LTA-49071D,Goods In Transit - DRDSC,Material Receipt,Material Receipt
DALACIN C 300,40,283.4286,C064102,Goods In Transit - DRDSC,Material Receipt,Material Receipt
DAPAFLIK 5,500,237.1429,LGP12/337/02,Goods In Transit - DRDSC,Material Receipt,Material Receipt
DAPAGET 10,1178,180,YT402B,Goods In Transit - DRDSC,Material Receipt,Material Receipt
DAPAMAC 10,300,160,18255224A,Goods In Transit - DRDSC,Material Receipt,Material Receipt
DAPAMAC 5,230,129.5238,18253465A,Goods In Transit - DRDSC,Material Receipt,Material Receipt
DAPAMAC 5/500,1217,104.9048,18254463A,Goods In Transit - DRDSC,Material Receipt,Material Receipt
DAPAPLEX P 10/15,130,161.9048,ASA04ACA,Goods In Transit - DRDSC,Material Receipt,Material Receipt
DAPAPLEX P 10/15,230,151.5238,ASA05ACA,Goods In Transit - DRDSC,Material Receipt,Material Receipt
DAPATURN 5,1320,148.3333,25S2GTC194,Goods In Transit - DRDSC,Material Receipt,Material Receipt
DAPATURN 5,470,184.381,EMV25325,Goods In Transit - DRDSC,Material Receipt,Material Receipt
DAPATURN M5,1015,88.5714,25S2GTB590,Goods In Transit - DRDSC,Material Receipt,Material Receipt
DAPATURN S 5/500,700,184.381,EMV251725,Goods In Transit - DRDSC,Material Receipt,Material Receipt
DAPEFY 5,5,155.2381,SI408684,Goods In Transit - DRDSC,Material Receipt,Material Receipt
DAPEFY 5,48,142.8571,SIF1115C,Goods In Transit - DRDSC,Material Receipt,Material Receipt
DAXOLIN 400,100,80.8571,AT25056208,Goods In Transit - DRDSC,Material Receipt,Material Receipt
DAXOLIN 400,159,80.8571,AT24101583,Goods In Transit - DRDSC,Material Receipt,Material Receipt
DAXOLIN MT,74,34.2857,AT24050399,Goods In Transit - DRDSC,Material Receipt,Material Receipt
DEPLATT AV 20,330,200.0952,GESF0001,Goods In Transit - DRDSC,Material Receipt,Material Receipt
DEPLATT AV 20,130,200.0952,GESF0002,Goods In Transit - DRDSC,Material Receipt,Material Receipt
DIBETA GB,100,31.9524,GCBF0006,Goods In Transit - DRDSC,Material Receipt,Material Receipt
DIBETA GB,170,31.9524,GCBF0003,Goods In Transit - DRDSC,Material Receipt,Material Receipt
DIGSIN,100,147.619,UGT-28534E,Goods In Transit - DRDSC,Material Receipt,Material Receipt
DIGSIN,170,138.3905,CCT252250B,Goods In Transit - DRDSC,Material Receipt,Material Receipt
DOLO 650,212,30.5905,D0BS4031,Goods In Transit - DRDSC,Material Receipt,Material Receipt
DUOPPI 40,6095,62.4762,LTA-50018G,Goods In Transit - DRDSC,Material Receipt,Material Receipt
DUOPPI D,2947,66.6667,TIT577C,Goods In Transit - DRDSC,Material Receipt,Material Receipt
DUOPPI D,1000,76.1905,ECT234C,Goods In Transit - DRDSC,Material Receipt,Material Receipt
DUOPPI D,8,66.6667,TITS77C,Goods In Transit - DRDSC,Material Receipt,Material Receipt
DUXOMAX 20,2718,75.2381,YT420B,Goods In Transit - DRDSC,Material Receipt,Material Receipt
ECOD MG,450,427.619,UN25007GJ,Goods In Transit - DRDSC,Material Receipt,Material Receipt
ECOD MG,158,428.2857,UN25005BR,Goods In Transit - DRDSC,Material Receipt,Material Receipt
ECOD PLUS,1390,398.0952,ECP25007GJ,Goods In Transit - DRDSC,Material Receipt,Material Receipt
ECOD PLUS,300,398.0952,ECP25004GJ,Goods In Transit - DRDSC,Material Receipt,Material Receipt
ECOD PLUS,375,398.0952,ECP25010GJ,Goods In Transit - DRDSC,Material Receipt,Material Receipt
ECOD PLUS,150,379.0476,ECP24013GJ,Goods In Transit - DRDSC,Material Receipt,Material Receipt
ECOD PLUS,1200,389.5238,ECP25013GJ,Goods In Transit - DRDSC,Material Receipt,Material Receipt
ECOSPRIN 150,700,10.6,4011208,Goods In Transit - DRDSC,Material Receipt,Material Receipt
ECOSPRIN 150,350,10.0762,4011543,Goods In Transit - DRDSC,Material Receipt,Material Receipt
ECOSPRIN 150,358,10.6,401875,Goods In Transit - DRDSC,Material Receipt,Material Receipt
ECOSPRIN 150,90,10.6,4010775,Goods In Transit - DRDSC,Material Receipt,Material Receipt
ECOSPRIN 150,21,10.6,4010681,Goods In Transit - DRDSC,Material Receipt,Material Receipt
ECOSPRIN 75,350,5.0381,4011657,Goods In Transit - DRDSC,Material Receipt,Material Receipt
ECOSPRIN 75,408,5.3714,56001935,Goods In Transit - DRDSC,Material Receipt,Material Receipt
ECOSPRIN 75,261,5.3714,56001833,Goods In Transit - DRDSC,Material Receipt,Material Receipt
ECOSPRIN AV 150,375,62.619,APB25010,Goods In Transit - DRDSC,Material Receipt,Material Receipt
ECOSPRIN AV 150,150,59.019,28027227,Goods In Transit - DRDSC,Material Receipt,Material Receipt
ECOSPRIN AV 75,339,58.3048,28027467,Goods In Transit - DRDSC,Material Receipt,Material Receipt
ELMICARD 20,133,41.2762,AT25032472,Goods In Transit - DRDSC,Material Receipt,Material Receipt
EMEGA,6860,94.2857,HPDQ25118,Goods In Transit - DRDSC,Material Receipt,Material Receipt
EMPADOZ 25,2358,151.4286,EMV250556,Goods In Transit - DRDSC,Material Receipt,Material Receipt
EMPAGLYDE 25,25,94.2857,FW2Y004,Goods In Transit - DRDSC,Material Receipt,Material Receipt
EMPAGLYDE M 500,673,66.5714,FZ2Y003,Goods In Transit - DRDSC,Material Receipt,Material Receipt
EMPAZIO M 12.5/500,200,92.381,2SV9M004,Goods In Transit - DRDSC,Material Receipt,Material Receipt
EMROK O,12,2566.6667,DZ10450,Goods In Transit - DRDSC,Material Receipt,Material Receipt
ENZAAR FORTE,150,207.0476,WBQF031,Goods In Transit - DRDSC,Material Receipt,Material Receipt
ESBOOT 10,410,63.8095,APT24142,Goods In Transit - DRDSC,Material Receipt,Material Receipt
ESBOOT C,290,104.7619,NT-019,Goods In Transit - DRDSC,Material Receipt,Material Receipt
ESBOOT C,180,104.7619,BT-0440,Goods In Transit - DRDSC,Material Receipt,Material Receipt
ESCITALENT 5,32,53.5429,4210DTNI,Goods In Transit - DRDSC,Material Receipt,Material Receipt
ESPUMISAN GOLD,10,84.7619,S2421154,Goods In Transit - DRDSC,Material Receipt,Material Receipt
ESULA PLUS,2518,53.5714,DT835,Goods In Transit - DRDSC,Material Receipt,Material Receipt
ESULA PLUS,190,53.5714,DT280,Goods In Transit - DRDSC,Material Receipt,Material Receipt
EVATHERA,30,190.381,BSF250522,Goods In Transit - DRDSC,Material Receipt,Material Receipt
EVDOZ LC,200,121.9048,SIBP25424,Goods In Transit - DRDSC,Material Receipt,Material Receipt
EVOPRIM ISO,22,233.3333,RHSF6899,Goods In Transit - DRDSC,Material Receipt,Material Receipt
EXTMIN,100,142.8571,MPT-25504,Goods In Transit - DRDSC,Material Receipt,Material Receipt
FASTMET 500SR,10,21.4381,T-24F299A,Goods In Transit - DRDSC,Material Receipt,Material Receipt
FASTMET G2,951,75.2381,T2411068,Goods In Transit - DRDSC,Material Receipt,Material Receipt
FASTMET SR 500,1121,21.4381,T241676A,Goods In Transit - DRDSC,Material Receipt,Material Receipt
FEBULOR 40,800,95.1429,APGT251279B,Goods In Transit - DRDSC,Material Receipt,Material Receipt
FOLLIREST B,100,166.6667,UL25E395,Goods In Transit - DRDSC,Material Receipt,Material Receipt
FOSKIND,6,533.3333,SG240168,Goods In Transit - DRDSC,Material Receipt,Material Receipt
FYLEX 100,287,80.9524,YC102B,Goods In Transit - DRDSC,Material Receipt,Material Receipt
GABANIX 75,100,109.5238,AT25070474B,Goods In Transit - DRDSC,Material Receipt,Material Receipt
GABANIX PLUS,200,222.8571,AT25100918,Goods In Transit - DRDSC,Material Receipt,Material Receipt
GABCAN NT,550,200,UGT-25853C,Goods In Transit - DRDSC,Material Receipt,Material Receipt
GADLIV 50,1264,128.5714,LGP03/305J05,Goods In Transit - DRDSC,Material Receipt,Material Receipt
GALVYMET 500,203,146.6667,BD240933,Goods In Transit - DRDSC,Material Receipt,Material Receipt
GCNAC,100,151.4286,MNT-12570,Goods In Transit - DRDSC,Material Receipt,Material Receipt
GFR FIT,2220,148.6571,185TGW002,Goods In Transit - DRDSC,Material Receipt,Material Receipt
GFR FIT,500,153.2952,185TGW003,Goods In Transit - DRDSC,Material Receipt,Material Receipt
GIFTOFER,1615,142.8571,DTF210,Goods In Transit - DRDSC,Material Receipt,Material Receipt
GLIAREN D,325,204.7619,ADQ05AKA,Goods In Transit - DRDSC,Material Receipt,Material Receipt
GLICINA 80,245,85.7143,TN-5644,Goods In Transit - DRDSC,Material Receipt,Material Receipt
GLICINA GM,65,102.8571,AT2509763A,Goods In Transit - DRDSC,Material Receipt,Material Receipt
GLIMREX M1,1240,45.5333,YT2598E,Goods In Transit - DRDSC,Material Receipt,Material Receipt
GLIMREX M1,7,48.5714,XT125D,Goods In Transit - DRDSC,Material Receipt,Material Receipt
GLIMREX M1,5,48.5714,XT10164D,Goods In Transit - DRDSC,Material Receipt,Material Receipt
GLIMREX M2,1700,53.4286,YT34625,Goods In Transit - DRDSC,Material Receipt,Material Receipt
GLIMREX M2,32233,53.4286,YT2914D,Goods In Transit - DRDSC,Material Receipt,Material Receipt
GLIMWAY M2,3380,71.4286,GT44B26,Goods In Transit - DRDSC,Material Receipt,Material Receipt
GLISIMET 1,1856,39.4286,185TGT006,Goods In Transit - DRDSC,Material Receipt,Material Receipt
GLISIMET 2,3452,53.0476,185TGS007,Goods In Transit - DRDSC,Material Receipt,Material Receipt
GLISIMET M 0.5,3900,36.4762,185TGV004,Goods In Transit - DRDSC,Material Receipt,Material Receipt
GLISIMET M 0.5,800,38.9048,185TGV003,Goods In Transit - DRDSC,Material Receipt,Material Receipt
GLISIMET M 0.5,400,38.9048,185TGV002,Goods In Transit - DRDSC,Material Receipt,Material Receipt
GLISIMET M 0.5,449,38.9048,185TGV001,Goods In Transit - DRDSC,Material Receipt,Material Receipt
GLISIMET M1,14,88.5619,185TGN004,Goods In Transit - DRDSC,Material Receipt,Material Receipt
GLISIMET M2,4296,106.019,185TGZ007,Goods In Transit - DRDSC,Material Receipt,Material Receipt
GLISIMET M3,796,102.5619,18STGG002,Goods In Transit - DRDSC,Material Receipt,Material Receipt
GLUCOBAY 25,48,89.5238,PB23212,Goods In Transit - DRDSC,Material Receipt,Material Receipt
GLUCRETA S 50/5,200,188.381,EMV2526078,Goods In Transit - DRDSC,Material Receipt,Material Receipt
GLUCRETA S 50/5,235,188.381,EMV2526007B,Goods In Transit - DRDSC,Material Receipt,Material Receipt
GLYZOVIL M 500,20,97.9048,DT7684C,Goods In Transit - DRDSC,Material Receipt,Material Receipt
GLYZOVIL M 500,20,97.9048,DT5535A,Goods In Transit - DRDSC,Material Receipt,Material Receipt
GOSITA 50,3715,102.5619,185TGY002,Goods In Transit - DRDSC,Material Receipt,Material Receipt
GOSITA 50,23,93.2381,24S2GTC312,Goods In Transit - DRDSC,Material Receipt,Material Receipt
GOSITA M 500,700,114.0952,185TGA003,Goods In Transit - DRDSC,Material Receipt,Material Receipt
GOSITA M 500,3430,106.9619,185TGA005,Goods In Transit - DRDSC,Material Receipt,Material Receipt
GOSITA M 500,116,114.0952,185TGA002,Goods In Transit - DRDSC,Material Receipt,Material Receipt
GUTBUTY,120,225.7143,VS493,Goods In Transit - DRDSC,Material Receipt,Material Receipt
GWAY 100,300,100,GT5G70,Goods In Transit - DRDSC,Material Receipt,Material Receipt
GWAY 100,454,93.3333,GT5J07,Goods In Transit - DRDSC,Material Receipt,Material Receipt
HAZIR 250,2,74.4952,MT-I2401F,Goods In Transit - DRDSC,Material Receipt,Material Receipt
HAZIR 500,50,119.8571,RP-T9391B,Goods In Transit - DRDSC,Material Receipt,Material Receipt
HAZIR 500,59,127.8857,RP-T8741A,Goods In Transit - DRDSC,Material Receipt,Material Receipt
HEPANOR,140,131.4286,VH-T155127,Goods In Transit - DRDSC,Material Receipt,Material Receipt
HEPTATE 150,2915,68.5714,LTA-455948,Goods In Transit - DRDSC,Material Receipt,Material Receipt
HEXIM 500,60,548.5714,24487E,Goods In Transit - DRDSC,Material Receipt,Material Receipt
HOZEN 10,49,19.0476,AT2411747A,Goods In Transit - DRDSC,Material Receipt,Material Receipt
IMPUROSE 20,90,316.1905,D224820,Goods In Transit - DRDSC,Material Receipt,Material Receipt
IMPUROSE AC 10,103,146.6667,PKNGW04,Goods In Transit - DRDSC,Material Receipt,Material Receipt
INCIPINE 10,1684,66.6667,EBT196A,Goods In Transit - DRDSC,Material Receipt,Material Receipt
INCIPINE 10,8000,66.6667,EHT789,Goods In Transit - DRDSC,Material Receipt,Material Receipt
INGLIM M1,130,49.5238,LTA-50658C,Goods In Transit - DRDSC,Material Receipt,Material Receipt
INGLIM M2,8000,55.2381,LTA-51764L,Goods In Transit - DRDSC,Material Receipt,Material Receipt
INGLIM M2,929,51.4286,LTA-50088A,Goods In Transit - DRDSC,Material Receipt,Material Receipt
INGLIM M2,5600,55.2381,LTA-50660C,Goods In Transit - DRDSC,Material Receipt,Material Receipt
INGLIM M2,15,55.2381,LTA-47969E,Goods In Transit - DRDSC,Material Receipt,Material Receipt
INSTATIN 10,2848,42.8571,TJT693,Goods In Transit - DRDSC,Material Receipt,Material Receipt
ISTAMET D XR 500,1103,141.9619,GTG3616A,Goods In Transit - DRDSC,Material Receipt,Material Receipt
ISTAMET D XR 500,56,151.4286,GTG2098A,Goods In Transit - DRDSC,Material Receipt,Material Receipt
ISTAPEP 50,1271,86.6667,SITA-001A,Goods In Transit - DRDSC,Material Receipt,Material Receipt
ISTAPEP M 50/500,2375,132.5905,SMT-001D,Goods In Transit - DRDSC,Material Receipt,Material Receipt
ITRANOL 200,32,96,YC48F,Goods In Transit - DRDSC,Material Receipt,Material Receipt
LECTRA M,100,102.6762,TT25-1515,Goods In Transit - DRDSC,Material Receipt,Material Receipt
LECTRA M,47,102.6762,YT2186H,Goods In Transit - DRDSC,Material Receipt,Material Receipt
LEESODA,330,32.8571,T25G142A,Goods In Transit - DRDSC,Material Receipt,Material Receipt
LEXOCY AB,80,180,AVK01A0A,Goods In Transit - DRDSC,Material Receipt,Material Receipt
LINACIP E 5/25,500,180.8571,5BA0457,Goods In Transit - DRDSC,Material Receipt,Material Receipt
LINACIP E 5/25,580,180.8571,5BA1522,Goods In Transit - DRDSC,Material Receipt,Material Receipt
LINANAT 5,7,142.8571,EMV241112A,Goods In Transit - DRDSC,Material Receipt,Material Receipt
LINAPLIZIN 5,270,312.381,LGP05/113/08,Goods In Transit - DRDSC,Material Receipt,Material Receipt
LINAXA D 5/5,795,166.4286,EMV250721A,Goods In Transit - DRDSC,Material Receipt,Material Receipt
LINAXA E 25,500,187.619,2ST7L002,Goods In Transit - DRDSC,Material Receipt,Material Receipt
LINZEX 600,1239,380.4762,XT3519B,Goods In Transit - DRDSC,Material Receipt,Material Receipt
LITRAZ 5,144,45.7143,MT-022575B,Goods In Transit - DRDSC,Material Receipt,Material Receipt
LOBULA 0.5,200,102.8571,ADL07ABA,Goods In Transit - DRDSC,Material Receipt,Material Receipt
LOBULA 0.5,1232,112.381,ADL10ABA,Goods In Transit - DRDSC,Material Receipt,Material Receipt
LOCLAN 5,1000,51.3429,DT882,Goods In Transit - DRDSC,Material Receipt,Material Receipt
LOCLAN 5,927,54.7619,DT649,Goods In Transit - DRDSC,Material Receipt,Material Receipt
LOCLAN T,400,122.5714,DT768,Goods In Transit - DRDSC,Material Receipt,Material Receipt
LOCLAN T,2977,114.9143,DT885,Goods In Transit - DRDSC,Material Receipt,Material Receipt
LOYZIDE 60 XR,600,166.8095,ST25-2633,Goods In Transit - DRDSC,Material Receipt,Material Receipt
LOYZIDE 60 XR,450,166.8095,ST25-2628,Goods In Transit - DRDSC,Material Receipt,Material Receipt
LOYZIDE 60 XR,135,166.8095,ST25-1443,Goods In Transit - DRDSC,Material Receipt,Material Receipt
LOYZIDE 60 XR,140,166.8095,ST25-1420,Goods In Transit - DRDSC,Material Receipt,Material Receipt
LOYZIDE M 60XR,585,176,ST25-1959,Goods In Transit - DRDSC,Material Receipt,Material Receipt
LOYZIDE M 60XR,1800,165,ST25-2776,Goods In Transit - DRDSC,Material Receipt,Material Receipt
MAX Q 10 PLUS,100,380,HPFF25107,Goods In Transit - DRDSC,Material Receipt,Material Receipt
MAX Q 10 PLUS,120,380,HPFC25085,Goods In Transit - DRDSC,Material Receipt,Material Receipt
MAX Q 10 PLUS,210,338.0952,HPFK25093,Goods In Transit - DRDSC,Material Receipt,Material Receipt
MAX Q 10 PLUS,30,380,HPTA25003,Goods In Transit - DRDSC,Material Receipt,Material Receipt
MAXWAY E3,500,108.4667,MSC112588,Goods In Transit - DRDSC,Material Receipt,Material Receipt
MAXWAY E3,510,121.9048,MSC082511,Goods In Transit - DRDSC,Material Receipt,Material Receipt
MECLA B,6500,187.019,BSG260003A,Goods In Transit - DRDSC,Material Receipt,Material Receipt
MECLA B,2590,187.4952,BSG251632A,Goods In Transit - DRDSC,Material Receipt,Material Receipt
MECLA B,13,200,BGG250809A,Goods In Transit - DRDSC,Material Receipt,Material Receipt
MECLA B,107,200,BSG251262A,Goods In Transit - DRDSC,Material Receipt,Material Receipt
MECLA L PLUS,230,189.5238,HPDF25041,Goods In Transit - DRDSC,Material Receipt,Material Receipt
MECLA L PLUS,730,208.5714,HPDG25071,Goods In Transit - DRDSC,Material Receipt,Material Receipt
MECLA P SR,636,134.2857,MT-102541A,Goods In Transit - DRDSC,Material Receipt,Material Receipt
MEGAPROLOL XL 25,1043,44.8,MTT-9016,Goods In Transit - DRDSC,Material Receipt,Material Receipt
MEGAPROLOL XL 25,500,42,MTT-9783C,Goods In Transit - DRDSC,Material Receipt,Material Receipt
MEGAPROLOL XL 25,665,44.8,MTT-8186A,Goods In Transit - DRDSC,Material Receipt,Material Receipt
MEGAPROLOL XL 50,243,62.2857,MTT-8222,Goods In Transit - DRDSC,Material Receipt,Material Receipt
MEGAPROLOL XL 50,500,58.3905,MTTA0092A,Goods In Transit - DRDSC,Material Receipt,Material Receipt
MEGAPROLOL XL 50,120,62.2857,MTT-9225,Goods In Transit - DRDSC,Material Receipt,Material Receipt
METABIC SR 500,1584,30.8952,AT25090758,Goods In Transit - DRDSC,Material Receipt,Material Receipt
METPATH G2,1700,67.6762,MGT2503,Goods In Transit - DRDSC,Material Receipt,Material Receipt
METPATH G2,112,72.1905,MGT2502,Goods In Transit - DRDSC,Material Receipt,Material Receipt
METWIN G 0.5,1167,71.4286,MTWN25002,Goods In Transit - DRDSC,Material Receipt,Material Receipt
METWIN G 0.5,200,66.9524,MTWN25003,Goods In Transit - DRDSC,Material Receipt,Material Receipt
METWIN G2,3155,120,MTWI25004,Goods In Transit - DRDSC,Material Receipt,Material Receipt
MIRTEE 7.5,400,70.4762,024-MTE,Goods In Transit - DRDSC,Material Receipt,Material Receipt
MIRTEE 7.5,414,70.4762,024-MTE,Goods In Transit - DRDSC,Material Receipt,Material Receipt
MUCOLITE,51,50.4762,E2402420,Goods In Transit - DRDSC,Material Receipt,Material Receipt
MULTISTAT 5,9648,79.4,MTT-9777,Goods In Transit - DRDSC,Material Receipt,Material Receipt
MULTISTAT 5,900,84.6952,MTT-9168,Goods In Transit - DRDSC,Material Receipt,Material Receipt
NAPROROX,80,113.3333,AT25050175B,Goods In Transit - DRDSC,Material Receipt,Material Receipt
NEBICARD 2.5,135,180.7619,2TD6M004,Goods In Transit - DRDSC,Material Receipt,Material Receipt
NEBICARD 2.5,60,169.4286,2I15M004,Goods In Transit - DRDSC,Material Receipt,Material Receipt
NEBICARD 5,100,184.9524,2S25M002,Goods In Transit - DRDSC,Material Receipt,Material Receipt
NEBICARD 5,110,182.0476,2I16M011,Goods In Transit - DRDSC,Material Receipt,Material Receipt
NEBICARD 5,110,182.0476,2I16M012,Goods In Transit - DRDSC,Material Receipt,Material Receipt
NEBIQOL 2.5,365,82.4762,DT344,Goods In Transit - DRDSC,Material Receipt,Material Receipt
NEBIQOL 5,30,143.1905,CT960,Goods In Transit - DRDSC,Material Receipt,Material Receipt
NEBIQOL 5,14,147.6381,DT883,Goods In Transit - DRDSC,Material Receipt,Material Receipt
NEFROFLIX,310,123.8095,EPFT-25079,Goods In Transit - DRDSC,Material Receipt,Material Receipt
NERVEE CD3,700,237.1429,4293TNT,Goods In Transit - DRDSC,Material Receipt,Material Receipt
NEUBAL D,1865,151.619,2508250A,Goods In Transit - DRDSC,Material Receipt,Material Receipt
NEUBAL PLUS,1565,151.619,GC250782,Goods In Transit - DRDSC,Material Receipt,Material Receipt
NEUROLOAD D3,1495,218.0952,LGP10/239/03,Goods In Transit - DRDSC,Material Receipt,Material Receipt
NEUROLOAD D3,13,233.3333,LGP08/059/02,Goods In Transit - DRDSC,Material Receipt,Material Receipt
NEXDAY PLUS,69,90.9524,DT2184D,Goods In Transit - DRDSC,Material Receipt,Material Receipt
NOVASTAT 10,195,321.1905,UA02717,Goods In Transit - DRDSC,Material Receipt,Material Receipt
NOVASTAT 5,390,213.4286,UB00634,Goods In Transit - DRDSC,Material Receipt,Material Receipt
NOVASTAT 5,600,213.4286,UB01750,Goods In Transit - DRDSC,Material Receipt,Material Receipt
NOVASTAT 5,145,194.0476,UA02278,Goods In Transit - DRDSC,Material Receipt,Material Receipt
NOVASTAT ASP 10,180,111.381,S25106411H,Goods In Transit - DRDSC,Material Receipt,Material Receipt
NOVASTAT TG 5,222,192.2857,UB00989,Goods In Transit - DRDSC,Material Receipt,Material Receipt
NURONIT B,100,147.619,AC2504018,Goods In Transit - DRDSC,Material Receipt,Material Receipt
NURONIT B,40,147.619,AC2504018,Goods In Transit - DRDSC,Material Receipt,Material Receipt
NURONIT B,13,147.619,AC2412435,Goods In Transit - DRDSC,Material Receipt,Material Receipt
NURONIT L,185,209.5238,AT250222184,Goods In Transit - DRDSC,Material Receipt,Material Receipt
NUTRIARGIN,10,92.381,GTB-1594,Goods In Transit - DRDSC,Material Receipt,Material Receipt
NUTRONIA,1380,92.381,FP-2197,Goods In Transit - DRDSC,Material Receipt,Material Receipt
NUTRONIA,4900,82.2,FP-2291,Goods In Transit - DRDSC,Material Receipt,Material Receipt
NUTRONIA,2500,82.2,FP-2383,Goods In Transit - DRDSC,Material Receipt,Material Receipt
NUTSMIN GOLD,2440,156.781,VS637,Goods In Transit - DRDSC,Material Receipt,Material Receipt
OLMEPATH 20,2570,125.7143,ST25-2509,Goods In Transit - DRDSC,Material Receipt,Material Receipt
OLMEPATH CH 20,1600,130.2857,ST25-1206,Goods In Transit - DRDSC,Material Receipt,Material Receipt
OLMEPATH CH 20,783,118.4762,ST24-2800,Goods In Transit - DRDSC,Material Receipt,Material Receipt
OXRA 10,112,212.4952,SIG2524B,Goods In Transit - DRDSC,Material Receipt,Material Receipt
OXRA 10,56,222.0286,SIG2074A,Goods In Transit - DRDSC,Material Receipt,Material Receipt
OXRA 5,1022,154.4667,SIG1769A-1,Goods In Transit - DRDSC,Material Receipt,Material Receipt
OXRA 5,28,164.7619,SIG1489A,Goods In Transit - DRDSC,Material Receipt,Material Receipt
OXRA 5,17,155.2381,SIG1769A-2,Goods In Transit - DRDSC,Material Receipt,Material Receipt
OXRA S 5/50,415,258.0381,GTG2527B,Goods In Transit - DRDSC,Material Receipt,Material Receipt
PANCRIQ 3,2000,73.3333,AT25-0124,Goods In Transit - DRDSC,Material Receipt,Material Receipt
PANCRIQ M 0.5,3763,68.5714,PNQA25001,Goods In Transit - DRDSC,Material Receipt,Material Receipt
PANCRIQ M2,6435,92.8571,AYT080550,Goods In Transit - DRDSC,Material Receipt,Material Receipt
PANKREOFLAT,30,312.1524,HBAA5023,Goods In Transit - DRDSC,Material Receipt,Material Receipt
PANKREOFLAT,8,312.1524,HBAA5016,Goods In Transit - DRDSC,Material Receipt,Material Receipt
PHORTEL 40,2305,57.1429,UTC026B,Goods In Transit - DRDSC,Material Receipt,Material Receipt
PHOSBAN 400,70,245.7143,HT-2509113,Goods In Transit - DRDSC,Material Receipt,Material Receipt
PHOTOR 10,300,28.5619,GT26667D,Goods In Transit - DRDSC,Material Receipt,Material Receipt
PHOTOR 20,1594,47.6095,GT15219D,Goods In Transit - DRDSC,Material Receipt,Material Receipt
PIOGLIT 7.5,10,85.7143,GKG0045A,Goods In Transit - DRDSC,Material Receipt,Material Receipt
PIOGOLD 7.5,10,42.8571,T-2502039,Goods In Transit - DRDSC,Material Receipt,Material Receipt
PIORAN 7.5,1824,54.2857,DT728,Goods In Transit - DRDSC,Material Receipt,Material Receipt
PIORAN 7.5,4390,50.8952,DT1115,Goods In Transit - DRDSC,Material Receipt,Material Receipt
PRACE SP,45,93.3333,TT24-1120,Goods In Transit - DRDSC,Material Receipt,Material Receipt
PRACE TC,116,130.4762,LTA-444000A,Goods In Transit - DRDSC,Material Receipt,Material Receipt
PRAZOPRESS XL 2.5,150,388.3905,GTG38148,Goods In Transit - DRDSC,Material Receipt,Material Receipt
PRAZOPRESS XL 2.5,27,388.3905,GTG2787A,Goods In Transit - DRDSC,Material Receipt,Material Receipt
PRAZOPRESS XL 5,300,499.0857,GTG3062A,Goods In Transit - DRDSC,Material Receipt,Material Receipt
PRAZOPRESS XL 5,42,532.381,GTG1190A,Goods In Transit - DRDSC,Material Receipt,Material Receipt
PREEGA SR 75,42,138.0952,4228TNI,Goods In Transit - DRDSC,Material Receipt,Material Receipt
PSYCHONOR P,625,128.5714,XT3170E,Goods In Transit - DRDSC,Material Receipt,Material Receipt
PSYCHONOR P,1507,128.5714,XT3170D,Goods In Transit - DRDSC,Material Receipt,Material Receipt
PULMOCLEAR,10,293.3333,N0213,Goods In Transit - DRDSC,Material Receipt,Material Receipt
PULMOCLEAR,75,274.2857,1022,Goods In Transit - DRDSC,Material Receipt,Material Receipt
QUARANTACE,30,242.8571,T25430A,Goods In Transit - DRDSC,Material Receipt,Material Receipt
QUARANTACE C1,390,218.0952,T250278,Goods In Transit - DRDSC,Material Receipt,Material Receipt
RABCA D,2626,100,APGT241039,Goods In Transit - DRDSC,Material Receipt,Material Receipt
RABECIL DSR,100,80,BD241050B,Goods In Transit - DRDSC,Material Receipt,Material Receipt
RABISLAB 20,500,85.7143,ITI574C,Goods In Transit - DRDSC,Material Receipt,Material Receipt
RABISLAB 20,500,85.7143,TIT574C,Goods In Transit - DRDSC,Material Receipt,Material Receipt
RABRAX 20,135,57.1429,SPT-39061,Goods In Transit - DRDSC,Material Receipt,Material Receipt
RABRAX DSR,170,93.3333,SKC2506368,Goods In Transit - DRDSC,Material Receipt,Material Receipt
RABRAX DSR,18,100,AC2410367E,Goods In Transit - DRDSC,Material Receipt,Material Receipt
RABRIN 20,3498,57.1429,MTT-9494A,Goods In Transit - DRDSC,Material Receipt,Material Receipt
RABRIN 20,710,57.1429,MTT-9169A,Goods In Transit - DRDSC,Material Receipt,Material Receipt
RADIGALIN 25,120,71.4286,CMT251161,Goods In Transit - DRDSC,Material Receipt,Material Receipt
RANTAC 150,1070,48.3429,BR325137,Goods In Transit - DRDSC,Material Receipt,Material Receipt
RAYBOOT DSR,4768,78.0952,APGC24241D,Goods In Transit - DRDSC,Material Receipt,Material Receipt
RD3,2000,38.3905,MTT-9738,Goods In Transit - DRDSC,Material Receipt,Material Receipt
RD3,1077,40.9524,MTT-8930,Goods In Transit - DRDSC,Material Receipt,Material Receipt
RECTOVIT,10,28.5714,FS2506001,Goods In Transit - DRDSC,Material Receipt,Material Receipt
REDUVAS 5,500,25,MTT-9667,Goods In Transit - DRDSC,Material Receipt,Material Receipt
REMMAG 400,1200,54.019,DT1028,Goods In Transit - DRDSC,Material Receipt,Material Receipt
REMMAG 400,54,54.019,DT702,Goods In Transit - DRDSC,Material Receipt,Material Receipt
REMMAG M,2500,92.2857,DTF258,Goods In Transit - DRDSC,Material Receipt,Material Receipt
REMMAG M,1163,103.7143,DTF190,Goods In Transit - DRDSC,Material Receipt,Material Receipt
REMMAG M,1900,103.7143,DTF208,Goods In Transit - DRDSC,Material Receipt,Material Receipt
RENOPRESS XL 2.5,170,98.0952,D2250895,Goods In Transit - DRDSC,Material Receipt,Material Receipt
RENOPRESS XL 5,98,132.381,D2250271,Goods In Transit - DRDSC,Material Receipt,Material Receipt
RENOPRESS XL 5,20,132.381,D2250200,Goods In Transit - DRDSC,Material Receipt,Material Receipt
RINVASTAT 10,1435,57.1429,EDT318A,Goods In Transit - DRDSC,Material Receipt,Material Receipt
ROSUPAT 20,100,361.9048,T25B575A,Goods In Transit - DRDSC,Material Receipt,Material Receipt
ROSUPAT F 10,143,283.8095,T25C530A,Goods In Transit - DRDSC,Material Receipt,Material Receipt
ROSVIR 10,300,107.1429,PNT5-1010B,Goods In Transit - DRDSC,Material Receipt,Material Receipt
ROSVIR 10,310,114.2857,PNT4-1338A,Goods In Transit - DRDSC,Material Receipt,Material Receipt
ROSVIR 5,11000,50.8857,SPT-41737,Goods In Transit - DRDSC,Material Receipt,Material Receipt
ROSVIR 5,3214,54.2857,SPT-40469,Goods In Transit - DRDSC,Material Receipt,Material Receipt
ROSVIR F,715,150.4762,YT1195D,Goods In Transit - DRDSC,Material Receipt,Material Receipt
ROSVIR F,54,150.4762,YT282A,Goods In Transit - DRDSC,Material Receipt,Material Receipt
ROSVIR F,100,150.4762,XT2989C,Goods In Transit - DRDSC,Material Receipt,Material Receipt
ROVALES 5,995,65.7143,GT5E44,Goods In Transit - DRDSC,Material Receipt,Material Receipt
ROZUCOR 5,90,211.4286,2M77M002,Goods In Transit - DRDSC,Material Receipt,Material Receipt
RUTOFIT,150,199.0476,X24253B,Goods In Transit - DRDSC,Material Receipt,Material Receipt
SERIMAX 10,373,66.6667,AT25050282B,Goods In Transit - DRDSC,Material Receipt,Material Receipt
SHELCAL HD,165,148.0952,2MB5M120,Goods In Transit - DRDSC,Material Receipt,Material Receipt
SHELRISE D3 MAX,2170,278.0952,SD252649,Goods In Transit - DRDSC,Material Receipt,Material Receipt
SITAHENZ PM 500,400,185.7143,ADL03AFA,Goods In Transit - DRDSC,Material Receipt,Material Receipt
SITAHENZ PM 500,200,174.1048,ADL06AFA,Goods In Transit - DRDSC,Material Receipt,Material Receipt
SITAPLIZIN MET 50/500,150,385.7143,T252034,Goods In Transit - DRDSC,Material Receipt,Material Receipt
SITAPLIZIN TRIO,2970,295.2381,LGP01/056/01,Goods In Transit - DRDSC,Material Receipt,Material Receipt
SITAXA E 25/100,55,209.5238,EMV251246A,Goods In Transit - DRDSC,Material Receipt,Material Receipt
SITAXA M XR 50/500,265,135.9333,CNN2M004,Goods In Transit - DRDSC,Material Receipt,Material Receipt
SOBIREN 500,200,39.0476,DC25036,Goods In Transit - DRDSC,Material Receipt,Material Receipt
SOBIREN 500,70,39.0476,DC25004,Goods In Transit - DRDSC,Material Receipt,Material Receipt
SOMIMED DSR,1675,84.7619,XC527H,Goods In Transit - DRDSC,Material Receipt,Material Receipt
SPASMIC MF,363,42.8571,ART-062413A,Goods In Transit - DRDSC,Material Receipt,Material Receipt
STALIX D 50/5,1111,166.5714,EMV250675B,Goods In Transit - DRDSC,Material Receipt,Material Receipt
STAZ 100,165,207.4286,RSAT2402,Goods In Transit - DRDSC,Material Receipt,Material Receipt
STAZ 100,490,207.4286,RSAT2403,Goods In Transit - DRDSC,Material Receipt,Material Receipt
STAZ 100,400,207.4286,RSAT2501,Goods In Transit - DRDSC,Material Receipt,Material Receipt
STAZ 50,300,103.7143,RSZT2501,Goods In Transit - DRDSC,Material Receipt,Material Receipt
STAZ 50,451,97.2286,RSZT2502,Goods In Transit - DRDSC,Material Receipt,Material Receipt
SUGAFLO 5,885,211.2381,25S2GTB423,Goods In Transit - DRDSC,Material Receipt,Material Receipt
SUGAFLO S 10/100,1200,253.1238,MT253927,Goods In Transit - DRDSC,Material Receipt,Material Receipt
SUGARAY D 50/5,300,205.4762,MT251952,Goods In Transit - DRDSC,Material Receipt,Material Receipt
SUGARAY D 50/5,100,192.6286,MT253823B,Goods In Transit - DRDSC,Material Receipt,Material Receipt
SUGARAY D 50/5,400,205.4762,MT252174,Goods In Transit - DRDSC,Material Receipt,Material Receipt
SUGARAY D 50/5,1080,186.9524,MT250805,Goods In Transit - DRDSC,Material Receipt,Material Receipt
SUPRADYN CALCIUM,3600,126.6667,NYT25005,Goods In Transit - DRDSC,Material Receipt,Material Receipt
SUPRADYN CALCIUM,90,142.8571,NYT25001,Goods In Transit - DRDSC,Material Receipt,Material Receipt
SUPRANIX 4G,390,190.381,CD-251949A,Goods In Transit - DRDSC,Material Receipt,Material Receipt
T FLEX,1820,411.4286,TFL5C01A,Goods In Transit - DRDSC,Material Receipt,Material Receipt
TAZZLE 10,100,559.2857,TL250708,Goods In Transit - DRDSC,Material Receipt,Material Receipt
TAZZLE 10,31,508.5714,TL240813,Goods In Transit - DRDSC,Material Receipt,Material Receipt
TAZZLE 10,19,508.5714,TL241017,Goods In Transit - DRDSC,Material Receipt,Material Receipt
TAZZLE 10,14,559.2857,TL250405,Goods In Transit - DRDSC,Material Receipt,Material Receipt
TAZZLE 10,85,559.2857,TL250506,Goods In Transit - DRDSC,Material Receipt,Material Receipt
TD MAX,10,352.381,T25D180A,Goods In Transit - DRDSC,Material Receipt,Material Receipt
TELMICARE 40,1290,68.8,AOU02ABA,Goods In Transit - DRDSC,Material Receipt,Material Receipt
TELSAR 20,148,63.1333,2MJ8M010,Goods In Transit - DRDSC,Material Receipt,Material Receipt
TELSAR 20,15,63.1333,2MJ8M012,Goods In Transit - DRDSC,Material Receipt,Material Receipt
TELSAR 20,23,62.0571,2MJ8M005,Goods In Transit - DRDSC,Material Receipt,Material Receipt
TELSAR CH 40/6.25,28,144.7143,TCFL-2502,Goods In Transit - DRDSC,Material Receipt,Material Receipt
TELSAR CH 40/6.25,10,131.6667,TCFL-2406,Goods In Transit - DRDSC,Material Receipt,Material Receipt
TELSAR CH 40/6.25,7,131.6667,TCFL-2404,Goods In Transit - DRDSC,Material Receipt,Material Receipt
TELSAR CH 6.25,603,144.7143,TCFL-2503,Goods In Transit - DRDSC,Material Receipt,Material Receipt
TELSAR CH 6.25,510,144.7143,TCFL-2504,Goods In Transit - DRDSC,Material Receipt,Material Receipt
TELSAR H,15,308.5714,2545100A,Goods In Transit - DRDSC,Material Receipt,Material Receipt
TELSMARC CT 6.25,679,57.1429,DPT-3108,Goods In Transit - DRDSC,Material Receipt,Material Receipt
TELSMARC CT 6.25,1310,57.1429,DPT-4051,Goods In Transit - DRDSC,Material Receipt,Material Receipt
TELZOX 20,2100,62.619,CMT250993,Goods In Transit - DRDSC,Material Receipt,Material Receipt
TELZOX 20,1950,62.619,CMT251404,Goods In Transit - DRDSC,Material Receipt,Material Receipt
TELZOX 20,600,62.619,CMT25110I,Goods In Transit - DRDSC,Material Receipt,Material Receipt
TELZOX 20,150,62.619,CMT251101,Goods In Transit - DRDSC,Material Receipt,Material Receipt
TELZOX 20,170,62.619,CMT24078B,Goods In Transit - DRDSC,Material Receipt,Material Receipt
TENDULOT 10,425,79.5238,185TTT002,Goods In Transit - DRDSC,Material Receipt,Material Receipt
TENDULOT 10,450,79.5238,185TTT003,Goods In Transit - DRDSC,Material Receipt,Material Receipt
TERAVIT G,3507,59.3333,LNC-481,Goods In Transit - DRDSC,Material Receipt,Material Receipt
TESARIL 50,1994,87.9048,LGP10/060/13,Goods In Transit - DRDSC,Material Receipt,Material Receipt
TESARIL M 50/500,993,180.8571,PGT25-1970A,Goods In Transit - DRDSC,Material Receipt,Material Receipt
TINEX 16,100,100,AT25050159B,Goods In Transit - DRDSC,Material Receipt,Material Receipt
TINEX 8,120,39.0476,AT25110959A,Goods In Transit - DRDSC,Material Receipt,Material Receipt
TRACNIL M,220,228.5714,ABYG0003,Goods In Transit - DRDSC,Material Receipt,Material Receipt
TRIPCHEM FORTE,5,132.381,AT254091388,Goods In Transit - DRDSC,Material Receipt,Material Receipt
TRIPCHEM PLUS,100,176.1905,AT25032405B,Goods In Transit - DRDSC,Material Receipt,Material Receipt
TRIPCHEM PLUS,32,176.1905,AT2502205B,Goods In Transit - DRDSC,Material Receipt,Material Receipt
TUMEX GT,13,38.0952,APT240673,Goods In Transit - DRDSC,Material Receipt,Material Receipt
UDX 150,40,209.5238,TT25-907A,Goods In Transit - DRDSC,Material Receipt,Material Receipt
UNISTAR 5/75,200,57.9524,PRAF-25007,Goods In Transit - DRDSC,Material Receipt,Material Receipt
UNISTAR 5/75,100,54.2857,PRAF-25009,Goods In Transit - DRDSC,Material Receipt,Material Receipt
UNISTAR 5/75,460,57.9524,PRAF-25008,Goods In Transit - DRDSC,Material Receipt,Material Receipt
UNS D3,236,414.2857,SD25L012,Goods In Transit - DRDSC,Material Receipt,Material Receipt
URIBID 100,30,129.6095,K2401877,Goods In Transit - DRDSC,Material Receipt,Material Receipt
URIBID 100,116,131.8667,K2501779,Goods In Transit - DRDSC,Material Receipt,Material Receipt
URIMAX 0.4,5,329.581,5SA0698,Goods In Transit - DRDSC,Material Receipt,Material Receipt
UROSTAT NF 300,5,947.619,SML02AHA,Goods In Transit - DRDSC,Material Receipt,Material Receipt
UROSTAT NF 300,3,947.619,SML01AHA,Goods In Transit - DRDSC,Material Receipt,Material Receipt
UROXSTAT 40,1000,84.819,APGT2516098,Goods In Transit - DRDSC,Material Receipt,Material Receipt
UROXSTAT 40,45,80.9524,UT-241478E,Goods In Transit - DRDSC,Material Receipt,Material Receipt
UROXTAT 40,200,98.0952,AT25090767A,Goods In Transit - DRDSC,Material Receipt,Material Receipt
URSOCOOL 300,240,660,GTG2T38A,Goods In Transit - DRDSC,Material Receipt,Material Receipt
URSOLIA 150,200,275.2381,LGP09/294/07,Goods In Transit - DRDSC,Material Receipt,Material Receipt
URSOLIA 150,100,275.2381,LGP02/301/03,Goods In Transit - DRDSC,Material Receipt,Material Receipt
URSOLIA 300,240,404.7619,LGP05/237/05,Goods In Transit - DRDSC,Material Receipt,Material Receipt
VEEMONTIL V,100,189.5238,LGP03/316J01,Goods In Transit - DRDSC,Material Receipt,Material Receipt
VELOZFAST,200,138.5714,2LV8M001,Goods In Transit - DRDSC,Material Receipt,Material Receipt
VILDANEX M OD,12,187.619,24S3GTA597,Goods In Transit - DRDSC,Material Receipt,Material Receipt
VILDANEX M SR 500,4800,139.7143,25S3GTA649,Goods In Transit - DRDSC,Material Receipt,Material Receipt
VINTRO 10,1080,53.9714,LGP07/344/02,Goods In Transit - DRDSC,Material Receipt,Material Receipt
VIZYLAC FEM,180,534.2857,VIFAC02A,Goods In Transit - DRDSC,Material Receipt,Material Receipt
VORXAR 4,150,433.8571,MA03598B,Goods In Transit - DRDSC,Material Receipt,Material Receipt
VORXAR 4,120,462.8095,MA02726A,Goods In Transit - DRDSC,Material Receipt,Material Receipt
VORXAR 4,120,462.8095,MA00692A,Goods In Transit - DRDSC,Material Receipt,Material Receipt
VTX 7G,4290,161.9048,BSF250996,Goods In Transit - DRDSC,Material Receipt,Material Receipt
VTX 7G,90,161.9048,BSF250996,Goods In Transit - DRDSC,Material Receipt,Material Receipt
WAYBERRY D,70,228.5714,MSC-0325241,Goods In Transit - DRDSC,Material Receipt,Material Receipt
WYZE C,400,80.5048,MNT-122S214,Goods In Transit - DRDSC,Material Receipt,Material Receipt
WYZE C,20,90.4762,MNT825235,Goods In Transit - DRDSC,Material Receipt,Material Receipt
XEMPIA 10,1800,133.8095,25122617,Goods In Transit - DRDSC,Material Receipt,Material Receipt
XENIA M 12.5/500,2200,125,EMV253146B,Goods In Transit - DRDSC,Material Receipt,Material Receipt
XENIA M 12.5/500,1400,133.3333,EMV251238A,Goods In Transit - DRDSC,Material Receipt,Material Receipt
ZEMPAZE 10,600,95.2381,LGP08/235/09,Goods In Transit - DRDSC,Material Receipt,Material Receipt
ZENTEL 400,21,8.6571,A202,Goods In Transit - DRDSC,Material Receipt,Material Receipt
ZILTOX 40,300,148.8571,25S2GTA549,Goods In Transit - DRDSC,Material Receipt,Material Receipt
ZINCOBEST FORTE,15,114.2857,RST-6927,Goods In Transit - DRDSC,Material Receipt,Material Receipt
ZOLONID,2,152.1429,AT241117420,Goods In Transit - DRDSC,Material Receipt,Material Receipt
